{"./outputs/small/135.out": 0.45185185185185184, "./outputs/small/307.out": 0.6135770234986945, "./outputs/small/61.out": 0.568, "./outputs/small/95.out": 0.337468982630273, "./outputs/small/300.out": 0.40229885057471265, "./outputs/small/132.out": 0.38, "./outputs/small/59.out": 0.3333333333333333, "./outputs/small/92.out": 0.39622641509433965, "./outputs/small/66.out": 0.3380281690140845, "./outputs/small/104.out": 0.21703296703296704, "./outputs/small/309.out": 0.5, "./outputs/small/50.out": 0.04854368932038835, "./outputs/small/68.out": 0.08169596690796277, "./outputs/small/103.out": 0.7114754098360656, "./outputs/small/331.out": 0.6170212765957447, "./outputs/small/57.out": 0.65, "./outputs/small/168.out": 0.25280898876404495, "./outputs/small/157.out": 0.3888888888888889, "./outputs/small/150.out": 0.3181818181818182, "./outputs/small/159.out": 0.1, "./outputs/small/32.out": 0.2541436464088398, "./outputs/small/166.out": 0.29285714285714287, "./outputs/small/192.out": 0.2571428571428571, "./outputs/small/35.out": 0.4883720930232558, "./outputs/small/195.out": 0.3076923076923077, "./outputs/small/161.out": 0.15217391304347827, "./outputs/small/330.out": 0.216, "./outputs/small/102.out": 0.5576923076923077, "./outputs/small/69.out": 0.3359580052493438, "./outputs/small/56.out": 0.34615384615384615, "./outputs/small/105.out": 0.43333333333333335, "./outputs/small/51.out": 0.18503401360544217, "./outputs/small/308.out": 1.0, "./outputs/small/58.out": 0.5588235294117647, "./outputs/small/133.out": 0.44, "./outputs/small/301.out": 0.2556053811659193, "./outputs/small/67.out": 0.2231404958677686, "./outputs/small/93.out": 0.4846153846153846, "./outputs/small/306.out": 0.19667590027700832, "./outputs/small/134.out": 0.0, "./outputs/small/94.out": 0.363013698630137, "./outputs/small/60.out": 0.5862068965517241, "./outputs/small/34.out": 0.3565217391304348, "./outputs/small/160.out": 0.25621414913957935, "./outputs/small/194.out": 0.2403225806451613, "./outputs/small/33.out": 0.6159420289855072, "./outputs/small/158.out": 0.2734375, "./outputs/small/193.out": 0.3119266055045872, "./outputs/small/167.out": 0.35135135135135137, "./outputs/small/151.out": 0.26, "./outputs/small/169.out": 0.65, "./outputs/small/156.out": 0.6216216216216216, "./outputs/small/216.out": 0.336, "./outputs/small/229.out": 0.4507042253521127, "./outputs/small/211.out": 0.3619047619047619, "./outputs/small/227.out": 0.11261261261261261, "./outputs/small/218.out": 0.2857142857142857, "./outputs/small/220.out": 0.46938775510204084, "./outputs/small/280.out": 0.48717948717948717, "./outputs/small/274.out": 0.6063829787234043, "./outputs/small/245.out": 0.58, "./outputs/small/289.out": 0.2824427480916031, "./outputs/small/242.out": 0.30131004366812225, "./outputs/small/221.out": 0.13411764705882354, "./outputs/small/226.out": 0.2785388127853881, "./outputs/small/219.out": 0.24528301886792453, "./outputs/small/210.out": 0.4936708860759494, "./outputs/small/217.out": 0.125, "./outputs/small/228.out": 0.44, "./outputs/small/288.out": 0.24603174603174602, "./outputs/small/243.out": 0.3236994219653179, "./outputs/small/244.out": 0.18181818181818182, "./outputs/small/286.out": 0.04183673469387755, "./outputs/small/272.out": 0.21025641025641026, "./outputs/small/275.out": 0.46, "./outputs/small/281.out": 0.2413793103448276, "./outputs/small/257.out": 0.4166666666666667, "./outputs/small/268.out": 0.2690513219284603, "./outputs/small/250.out": 0.5641025641025641, "./outputs/small/292.out": 0.4117647058823529, "./outputs/small/266.out": 0.4166666666666667, "./outputs/small/259.out": 0.10880829015544041, "./outputs/small/261.out": 0.6, "./outputs/small/295.out": 0.7090909090909091, "./outputs/small/235.out": 0.4897959183673469, "./outputs/small/232.out": 0.32167832167832167, "./outputs/small/204.out": 1.0, "./outputs/small/203.out": 0.33, "./outputs/small/294.out": 0.21783876500857632, "./outputs/small/260.out": 0.42105263157894735, "./outputs/small/267.out": 0.15228426395939088, "./outputs/small/293.out": 0.13025210084033614, "./outputs/small/251.out": 0.16071428571428573, "./outputs/small/256.out": 0.3106267029972752, "./outputs/small/269.out": 0.29310344827586204, "./outputs/small/202.out": 0.7586206896551724, "./outputs/small/205.out": 0.14346895074946467, "./outputs/small/233.out": 0.4523809523809524, "./outputs/small/234.out": 0.1836734693877551, "./outputs/small/174.out": 0.2802197802197802, "./outputs/small/180.out": 0.4666666666666667, "./outputs/small/20.out": 0.2601626016260163, "./outputs/small/187.out": 0.7142857142857143, "./outputs/small/18.out": 0.1111111111111111, "./outputs/small/173.out": 0.4332552693208431, "./outputs/small/27.out": 0.14240170031880978, "./outputs/small/9.out": 0.23754152823920266, "./outputs/small/145.out": 0.3524590163934426, "./outputs/small/11.out": 0.2603036876355748, "./outputs/small/7.out": 0.2795031055900621, "./outputs/small/29.out": 0.27461139896373055, "./outputs/small/16.out": 1.0, "./outputs/small/189.out": 0.16150870406189555, "./outputs/small/129.out": 0.375, "./outputs/small/42.out": 0.48936170212765956, "./outputs/small/89.out": 0.23475046210720887, "./outputs/small/116.out": 0.3697916666666667, "./outputs/small/324.out": 0.6307692307692307, "./outputs/small/45.out": 0.5959595959595959, "./outputs/small/323.out": 0.36486486486486486, "./outputs/small/111.out": 0.3220338983050847, "./outputs/small/73.out": 0.2916666666666667, "./outputs/small/118.out": 0.26582278481012656, "./outputs/small/87.out": 0.15373961218836565, "./outputs/small/315.out": 0.375, "./outputs/small/127.out": 0.27884615384615385, "./outputs/small/74.out": 0.17687074829931973, "./outputs/small/120.out": 0.46206896551724136, "./outputs/small/6.out": 0.2808988764044944, "./outputs/small/28.out": 0.34355828220858897, "./outputs/small/143.out": 0.11931818181818182, "./outputs/small/17.out": 0.3469387755102041, "./outputs/small/144.out": 0.25, "./outputs/small/1.out": 0.8132295719844358, "./outputs/small/10.out": 0.8481012658227848, "./outputs/small/172.out": 0.4264264264264264, "./outputs/small/186.out": 0.22485207100591717, "./outputs/small/19.out": 0.26881720430107525, "./outputs/small/26.out": 0.20212765957446807, "./outputs/small/8.out": 0.65, "./outputs/small/175.out": 0.68, "./outputs/small/21.out": 0.39853747714808047, "./outputs/small/75.out": 0.6702127659574468, "./outputs/small/81.out": 0.286697247706422, "./outputs/small/313.out": 0.7, "./outputs/small/121.out": 0.46938775510204084, "./outputs/small/119.out": 0.2616822429906542, "./outputs/small/86.out": 0.47107438016528924, "./outputs/small/72.out": 0.6258064516129033, "./outputs/small/126.out": 0.216796875, "./outputs/small/314.out": 0.7, "./outputs/small/44.out": 0.3333333333333333, "./outputs/small/110.out": 0.10457516339869281, "./outputs/small/43.out": 0.3184713375796178, "./outputs/small/128.out": 0.3888888888888889, "./outputs/small/88.out": 0.28105906313645623, "./outputs/small/325.out": 0.06993006993006994, "./outputs/small/117.out": 0.6973684210526315, "./outputs/small/198.out": 0.30201342281879195, "./outputs/small/38.out": 0.6153846153846154, "./outputs/small/154.out": 0.25, "./outputs/small/36.out": 0.25, "./outputs/small/196.out": 0.15399239543726237, "./outputs/small/31.out": 0.56, "./outputs/small/165.out": 0.1937984496124031, "./outputs/small/191.out": 0.46, "./outputs/small/131.out": 0.20883534136546184, "./outputs/small/303.out": 0.35926773455377575, "./outputs/small/91.out": 0.40124740124740127, "./outputs/small/65.out": 0.1875, "./outputs/small/136.out": 0.3626943005181347, "./outputs/small/62.out": 0.40384615384615385, "./outputs/small/96.out": 0.3111111111111111, "./outputs/small/109.out": 0.3880597014925373, "./outputs/small/100.out": 0.3157894736842105, "./outputs/small/54.out": 0.4794520547945205, "./outputs/small/107.out": 0.6097560975609756, "./outputs/small/98.out": 0.6666666666666666, "./outputs/small/138.out": 0.435, "./outputs/small/53.out": 0.4027777777777778,