{"./outputs/small/1.out": 0.9027237354085603, "./outputs/small/10.out": 0.8016877637130801, "./outputs/small/100.out": 0.5263157894736842, "./outputs/small/101.out": 0.5866666666666667, "./outputs/small/102.out": 0.8076923076923077, "./outputs/small/103.out": 0.8491803278688524, "./outputs/small/104.out": 0.23076923076923078, "./outputs/small/105.out": 0.5833333333333334, "./outputs/small/107.out": 0.7073170731707317, "./outputs/small/108.out": 0.18405627198124266, "./outputs/small/109.out": 0.5373134328358209, "./outputs/small/11.out": 0.2841648590021692, "./outputs/small/110.out": 0.1437908496732026, "./outputs/small/111.out": 0.3220338983050847, "./outputs/small/112.out": 0.41284403669724773, "./outputs/small/113.out": 0.4583333333333333, "./outputs/small/114.out": 0.5238095238095238, "./outputs/small/115.out": 0.33861386138613864, "./outputs/small/116.out": 0.4791666666666667, "./outputs/small/117.out": 0.8026315789473685, "./outputs/small/118.out": 0.31645569620253167, "./outputs/small/119.out": 0.2542056074766355, "./outputs/small/12.out": 0.34507042253521125, "./outputs/small/120.out": 0.6827586206896552, "./outputs/small/121.out": 0.7346938775510204, "./outputs/small/122.out": 0.2, "./outputs/small/123.out": 0.8902439024390244, "./outputs/small/124.out": 0.5909090909090909, "./outputs/small/125.out": 0.8181818181818182, "./outputs/small/126.out": 0.23828125, "./outputs/small/127.out": 0.4326923076923077, "./outputs/small/128.out": 0.5185185185185185, "./outputs/small/129.out": 0.5375, "./outputs/small/13.out": 0.5384615384615384, "./outputs/small/130.out": 0.33617021276595743, "./outputs/small/131.out": 0.2891566265060241, "./outputs/small/132.out": 0.51, "./outputs/small/133.out": 0.4533333333333333, "./outputs/small/134.out": 0.0, "./outputs/small/135.out": 0.674074074074074, "./outputs/small/136.out": 0.46632124352331605, "./outputs/small/137.out": 0.265, "./outputs/small/138.out": 0.58, "./outputs/small/14.out": 1.0, "./outputs/small/140.out": 0.5964912280701754, "./outputs/small/141.out": 0.9656652360515021, "./outputs/small/143.out": 0.25, "./outputs/small/144.out": 0.39, "./outputs/small/145.out": 0.36065573770491804, "./outputs/small/146.out": 0.3088235294117647, "./outputs/small/147.out": 0.19656019656019655, "./outputs/small/148.out": 0.631578947368421, "./outputs/small/149.out": 0.6060606060606061, "./outputs/small/15.out": 0.6090909090909091, "./outputs/small/150.out": 0.37662337662337664, "./outputs/small/151.out": 0.4, "./outputs/small/152.out": 0.42857142857142855, "./outputs/small/154.out": 0.25, "./outputs/small/155.out": 1.0, "./outputs/small/156.out": 0.6486486486486487, "./outputs/small/157.out": 0.6111111111111112, "./outputs/small/158.out": 0.35546875, "./outputs/small/159.out": 0.1, "./outputs/small/16.out": 1.0, "./outputs/small/160.out": 0.2638623326959847, "./outputs/small/161.out": 0.2391304347826087, "./outputs/small/163.out": 0.4329896907216495, "./outputs/small/164.out": 0.6707317073170732, "./outputs/small/165.out": 0.2248062015503876, "./outputs/small/166.out": 0.37142857142857144, "./outputs/small/167.out": 0.42342342342342343, "./outputs/small/168.out": 0.2940074906367041, "./outputs/small/169.out": 0.85, "./outputs/small/17.out": 0.4897959183673469, "./outputs/small/170.out": 0.4406779661016949, "./outputs/small/171.out": 0.296875, "./outputs/small/172.out": 0.5045045045045045, "./outputs/small/173.out": 0.4894613583138173, "./outputs/small/174.out": 0.36813186813186816, "./outputs/small/175.out": 0.76, "./outputs/small/176.out": 0.314214463840399, "./outputs/small/177.out": 0.6521739130434783, "./outputs/small/179.out": 0.5074626865671642, "./outputs/small/18.out": 0.1111111111111111, "./outputs/small/180.out": 0.8333333333333334, "./outputs/small/182.out": 0.4801587301587302, "./outputs/small/183.out": 0.42890995260663506, "./outputs/small/184.out": 0.4968944099378882, "./outputs/small/185.out": 1.0, "./outputs/small/186.out": 0.26627218934911245, "./outputs/small/187.out": 0.7142857142857143, "./outputs/small/189.out": 0.1653771760154739, "./outputs/small/19.out": 0.3064516129032258, "./outputs/small/190.out": 0.672316384180791, "./outputs/small/191.out": 0.6, "./outputs/small/192.out": 0.38571428571428573, "./outputs/small/193.out": 0.31880733944954126, "./outputs/small/194.out": 0.3435483870967742, "./outputs/small/195.out": 0.3974358974358974, "./outputs/small/196.out": 0.20342205323193915, "./outputs/small/197.out": 0.6, "./outputs/small/198.out": 0.42953020134228187, "./outputs/small/199.out": 0.2702702702702703, "./outputs/small/2.out": 0.5333333333333333, "./outputs/small/20.out": 0.2994579945799458, "./outputs/small/200.out": 0.47619047619047616, "./outputs/small/201.out": 0.28615384615384615, "./outputs/small/202.out": 0.9770114942528736, "./outputs/small/203.out": 0.325, "./outputs/small/204.out": 1.0, "./outputs/small/205.out": 0.1745182012847966, "./outputs/small/206.out": 0.6304347826086957, "./outputs/small/207.out": 0.1989247311827957, "./outputs/small/208.out": 0.8071748878923767, "./outputs/small/209.out": 0.42780748663101603, "./outputs/small/21.out": 0.45886654478976235, "./outputs/small/210.out": 0.7341772151898734, "./outputs/small/211.out": 0.4095238095238095, "./outputs/small/212.out": 0.6, "./outputs/small/213.out": 0.6739130434782609, "./outputs/small/214.out": 0.10833333333333334, "./outputs/small/215.out": 0.9032258064516129, "./outputs/small/216.out": 0.328, "./outputs/small/217.out": 0.375, "./outputs/small/218.out": 0.42857142857142855, "./outputs/small/219.out": 0.33962264150943394, "./outputs/small/220.out": 0.42857142857142855, "./outputs/small/221.out": 0.13647058823529412, "./outputs/small/222.out": 0.7258064516129032, "./outputs/small/223.out": 0.1724137931034483, "./outputs/small/224.out": 0.7210884353741497, "./outputs/small/225.out": 0.3815028901734104, "./outputs/small/226.out": 0.365296803652968, "./outputs/small/227.out": 0.12612612612612611, "./outputs/small/228.out": 0.66, "./outputs/small/229.out": 0.6338028169014085, "./outputs/small/23.out": 0.6785714285714286, "./outputs/small/230.out": 0.7246376811594203, "./outputs/small/232.out": 0.4405594405594406, "./outputs/small/233.out": 0.5833333333333334, "./outputs/small/234.out": 0.1836734693877551, "./outputs/small/235.out": 0.673469387755102, "./outputs/small/236.out": 0.46, "./outputs/small/237.out": 0.6956521739130435, "./outputs/small/238.out": 0.4470588235294118, "./outputs/small/239.out": 0.5846153846153846, "./outputs/small/24.out": 0.5309973045822103, "./outputs/small/240.out": 0.7979094076655052, "./outputs/small/241.out": 0.34591194968553457, "./outputs/small/242.out": 0.3624454148471616, "./outputs/small/243.out": 0.4161849710982659, "./outputs/small/244.out": 0.18181818181818182, "./outputs/small/245.out": 0.76, "./outputs/small/246.out": 0.8333333333333334, "./outputs/small/247.out": 0.8821292775665399}